url,title,date
https://www.51voa.com/VOA_Special_English/people-in-america-zarela-mosquera-75268.html,Zarela Mosquera: Creating Messages Through Public Art and Design,17-5-25
https://www.51voa.com/VOA_Special_English/people-in-america-renald-richard-75091.html,"Renald Richard: At 92, a Life Filled with Music",17-5-11
https://www.51voa.com/VOA_Special_English/people-in-america-jason-sturm-74913.html,Jason Sturm: Pushing Adaptive Athletes Forward,17-4-27
https://www.51voa.com/VOA_Special_English/people-in-america-tim-ma-74733.html,Tim Ma: A Change of Heart,17-4-13
https://www.51voa.com/VOA_Special_English/people-in-america-assal-ravandi-74344.html,"Once a US Soldier, Iranian Immigrant Now Serves Veterans",17-3-16
https://www.51voa.com/VOA_Special_English/people-in-america-peter-ripkin-74152.html,Peter Ripken: A Life in Literature,17-3-2
https://www.51voa.com/VOA_Special_English/people-in-america-tuhin-das-73941.html,"Tuhin Das: Poet, Activist and Writer in Exile",17-2-16
https://www.51voa.com/VOA_Special_English/people-in-america-ralph-henry-reese-73738.html,Ralph Henry Reese: Giving Exiled Writers Security and Freedom,17-2-2
https://www.51voa.com/VOA_Special_English/people-in-america-melody-bales-73496.html,Melody Bales: 'The Lady From Haiti',17-1-19
https://www.51voa.com/VOA_Special_English/people-in-america-na-73323.html,Neftalie Williams: Skateboarding Is a 'Tool for Cultural Diplomacy',17-1-5
https://www.51voa.com/VOA_Special_English/matthieu-finot-the-art-and-science-of-winemaking73147.html,Matthieu Finot: The Art and Science of Winemaking,16-12-22
https://www.51voa.com/VOA_Special_English/after--years-in-musicals-susan-watson-still-singing-stephen-sondheim-barack-obama-bernadette-peters-72960.html,Susan Watson: Still Singing After Decades in Musicals,16-12-9
https://www.51voa.com/VOA_Special_English/athena-zhe--creating-art-on-human-bodies-72944.html,Athena Zhe: Creating Art on Human Bodies,16-12-8
https://www.51voa.com/VOA_Special_English/people-in-america-evan-lutz-72719.html,Evan Lutz: Giving Unused Produce A Purpose with Hungry Harvest,16-11-24
https://www.51voa.com/VOA_Special_English/people-in-america-melissa-fitzgerald-hollywood-actor-to-activist-72522.html,Melissa Fitzgerald: From Hollywood Actress to Passionate Activist,16-11-11
https://www.51voa.com/VOA_Special_English/loreal-chemist-balanda-atis-makeup-personal-72249.html,L’Oréal Chemist Balanda Atis: Makeup is Personal,16-10-27
https://www.51voa.com/VOA_Special_English/exceptional-minds-the-creative-power-of-young-adults-on-the-autism-spectrum-71998.html,Exceptional Minds: The Creative Power of Young Adults on the Autism Spectrum,16-10-13
https://www.51voa.com/VOA_Special_English/new-york-orchestra-gives-life-energy-to-classical-music-71789.html,David Titcomb: Transforming Classical Music at New York Orchestra,16-9-29
https://www.51voa.com/VOA_Special_English/people-in-america-jennifer-webb-mcrae-71554.html,Jennifer Webb-McRae: 'I'm Passionate About Doing Justice Every Day',16-9-15
https://www.51voa.com/VOA_Special_English/people-in-america-anthony-fauci-part-two-71333.html,Part Two of Dr. Anthony Fauci: America’s Man on Infectious Diseases,16-9-1
https://www.51voa.com/VOA_Special_English/how-americans-view-what-work-men-and-women-should-do-clinton-trump-71254.html,"Women in the Kitchen, Men in the Garage, Americans Say",16-8-27
https://www.51voa.com/VOA_Special_English/people-in-america-anthony-fauci-doctor-infectious-diseases-71116.html,Dr. Anthony Fauci: America’s Man on Infectious Diseases,16-8-18
https://www.51voa.com/VOA_Special_English/people-in-america-bebe-winans-70867.html,"BeBe Winans: Music, God and Family",16-8-4
https://www.51voa.com/VOA_Special_English/ernestine-sheperd-to-be-fit-70649.html,"Determined, Dedicated and Disciplined to Be Fit",16-7-21
https://www.51voa.com/VOA_Special_English/maz-jobrani-70427.html,"Maz Jobrani: Building Cultural Bridges, One Laugh at a Time",16-7-7
https://www.51voa.com/VOA_Special_English/makers-row-made-in-america-70226.html,Maker's Row: Made in America,16-6-23
https://www.51voa.com/VOA_Special_English/painting-canvases-that-lives-and-breathes-69987.html,Athena Zhe: Painting a Canvas That Lives and Breathes,16-6-9
https://www.51voa.com/VOA_Special_English/i-didnt-have-to-come-here-i-chose-to-come-here-69770.html,"Andy Shallal: 'I Didn't Have to Come Here, I Chose to Come Here'",16-5-26
https://www.51voa.com/VOA_Special_English/eartha-kitt-49674.html,"Eartha Kitt, 1927-2008: Singer, Actress and “Catwoman”",13-5-5
https://www.51voa.com/VOA_Special_English/billy-wilder-movie-director-49580.html,"Billy Wilder, 1906-2002: He Changed the History of American Movies",13-4-28
https://www.51voa.com/VOA_Special_English/Rosa-Parks---49478.html,"Rosa Parks, 1913-2005: Mother of the American Civil Rights Movement",13-4-21
https://www.51voa.com/VOA_Special_English/one-of-the-leaders-of-the-Indian-resistance-49377.html,"One of the leaders of the Indian resistance, Apache chief Cochise",13-4-14
https://www.51voa.com/VOA_Special_English/Katharine-Graham-49250.html,"Katharine Graham, 1917- 2001: A Powerful Media Leader in America",13-4-7
https://www.51voa.com/VOA_Special_English/Famous-Radio-and-Television-Reporter-Edward-R-Murrow-49181.html,"Edward R. Murrow, 1908-1965: The Famous Radio and Television Reporter Helped Create Modern News Broadcasting",13-3-31
https://www.51voa.com/VOA_Special_English/Marilyn-Monroe-49077.html,"Marilyn Monroe, 1926-1962: America's Most Famous Sex Symbol",13-3-24
https://www.51voa.com/VOA_Special_English/The-Grand-Old-Man-of-Labor-48966.html,"Samuel Gompers, 1850-1924: 'The Grand Old Man of Labor'",13-3-17
https://www.51voa.com/VOA_Special_English/The-Father-of-American-Musical-Theater-48774.html,"Jerome Kern, 1885-1945: The Father of American Musical Theater",13-3-3
https://www.51voa.com/VOA_Special_English/Crazy-Horse-Was-Chief-of-the-Lakota-48685.html,"Crazy Horse Was Chief of the Lakota, a Warrior and a Holy Man",13-2-24
https://www.51voa.com/VOA_Special_English/Ann_Morrow_Lindbergh_48614.html,"Ann Morrow Lindbergh, 1906-2001: a famous pilot and writer",13-2-17
https://www.51voa.com/VOA_Special_English/People_in_America_48515.html,"Frederick Douglass, 1818-1895: He Fought for Freedom and Equality for African Americans",13-2-10
https://www.51voa.com/VOA_Special_English/William-Randolph-Hearst_48420.html,"William Randolph Hearst, 1863-1951: He Created What Was Once the Nation's Largest Newspaper Organization",13-2-3
https://www.51voa.com/VOA_Special_English/martha-graham-mother-of-modern-dance-46634.html,"Martha Graham, 1894-1991: The Mother of Modern Dance",12-8-26
https://www.51voa.com/VOA_Special_English/eleanor-roosevelt---the-most-influential-wife-of-any-american-president-46315.html,"Eleanor Roosevelt, 1884-1962: She Was the Most Influential Wife of Any American President",12-7-29
https://www.51voa.com/VOA_Special_English/fred-astaire-singing-dancing-movie-musical-46244.html,"Fred Astaire, 1899-1987:  His acting, singing and dancing changed the American motion picture musical",12-7-22
https://www.51voa.com/VOA_Special_English/stephen-foster-americas-first-popular-songwriter-46091.html,"Stephen Foster, 1826-1864: America's First Popular Songwriter",12-7-8
https://www.51voa.com/VOA_Special_English/bella-abzug-activist-for-womens-rights-46020.html,"Bella Abzug, 1920-1998: Activist for Women’s Rights was Known for her Large Hats and Strong Opinions ",12-7-1
https://www.51voa.com/VOA_Special_English/johnny-appleseed-american-frontier-45942.html,How Johnny Appleseed Grew Into a Folk Hero ,12-6-24
https://www.51voa.com/VOA_Special_English/barbara-mcclintock-made-important-discoveries-about-genes-and-chromosomes-45858.html,"Barbara McClintock, 1902-1992: She Made Important Discoveries about Genes and Chromosomes",12-6-17
https://www.51voa.com/VOA_Special_English/buffalo-bill-cody-represented-the-spirit-and-tradition-of-america-45769.html,"“Buffalo Bill” Cody, 1846-1917: He Represented the Spirit and Tradition of the American West",12-6-10
https://www.51voa.com/VOA_Special_English/gwendolyn-brooks-first-african-american-to-win-a-pulitzer-prize-for-literature-45698.html,"Gwendolyn Brooks, 1917-2000: First African-American to Win a Pulitzer Prize for Literature",12-6-3
https://www.51voa.com/VOA_Special_English/truman-capote-developed-a-new-kind-of-writing-with-in-cold-blood-45623.html,"Truman Capote, 1924-1984: Created the First Nonfiction Novel With 'In Cold Blood'",12-5-27
https://www.51voa.com/VOA_Special_English/lucille-ball-was-the-funniest-women-on-tv-45513.html,Lucille Ball Was The Funniest Woman on TV,12-5-20
https://www.51voa.com/VOA_Special_English/Artie-Shaw----The-Last-Great-Musician-of-What-Has-Been-Called-the-Big-Band-Era---45442.html,"Artie Shaw, 1910-2004 : Last Great Musician of What Has Been Called the ",12-5-13
https://www.51voa.com/VOA_Special_English/Julia-Ward-Howe---The-Anti-Slavery-Activist-Wrote-One-of-the-Great-Songs-of-the-Civil-War--45422.html,"Julia Ward Howe, 1819-1910: Anti-Slavery Activist Wrote 'Battle Hymn of the Republic'",12-5-6
https://www.51voa.com/VOA_Special_English/George-Abbott---Mister-Broadway-45320.html,"George Abbott, 1887-1995: 'Mister Broadway'",12-4-29
https://www.51voa.com/VOA_Special_English/Beverly-Sills---A-Beautiful-Voice-for-Opera-and-the-Arts-45259.html,"Beverly Sills, 1929-2007: A Beautiful Voice for Opera and the Arts",12-4-22
https://www.51voa.com/VOA_Special_English/Chief-Joseph---A-Hero-of-Freedom-for-Native-Americans-Part-Two-45195.html,"Chief Joseph, 1840-1904: A  Hero of Freedom for Native Americans, Part Two",12-4-15
https://www.51voa.com/VOA_Special_English/Chief-Joseph---Great-Nez-Perce-Indian-Chief-45136.html,"Chief Joseph, 1840-1904: A Great Nez Perce Indian Chief",12-4-8
https://www.51voa.com/VOA_Special_English/Margaret-Sanger---A-Leader-of-the-Birth-Control-Movement-45078.html,"Margaret Sanger, 1883-1966: A Leader of the Birth Control Movement",12-4-1
https://www.51voa.com/VOA_Special_English/Nat-King-Cole---One-of-Americas-Most-Popular-Singers-45017.html,"Nat King Cole, 1919-1965: One of America's Most Popular Singers",12-3-25
https://www.51voa.com/VOA_Special_English/John-Wesley-Powell---Famous-Explorer-of-the-American-West-44958.html,"John Wesley Powell, 1834-1902: Famous Explorer of the American West",12-3-18
https://www.51voa.com/VOA_Special_English/Wilma-Rudolph---The-Fastest-Woman-in-the-World-44904.html,"Wilma Rudolph, 1940-1994: ""The Fastest Woman in the World""   ",12-3-11
https://www.51voa.com/VOA_Special_English/Frank_and_Jesse_James44869.html,"Frank and Jesse James, Brothers in Crime in the Old West",12-3-4
https://www.51voa.com/VOA_Special_English/Hollywoods-First-Motion-Picture-Businessmen-44791.html,Who Made Hollywood Into Hollywood?,12-2-26
https://www.51voa.com/VOA_Special_English/Barbara-Cooney---She-Created-Many-Popular-Books-for-Children-44724.html,"Barbara Cooney, 1917-2000: She Created Many Popular Books for Children",12-2-19
https://www.51voa.com/VOA_Special_English/Stephen-Vincent-Benet44651.html,"Stephen Vincent Benet, 1898-1943: Popular Writer of the Early 1900s, Part Two",12-2-12
https://www.51voa.com/VOA_Special_English/Stephen-Vincent-Benet---Most-Popular-Writers-44594.html,"Stephen Vincent Benet, 1898-1943: One of America's Most Popular Writers of the 1900s",12-2-5
https://www.51voa.com/VOA_Special_English/Cliff-Robertson---An-Award-Winning-Merican-Actor--44543.html,"Cliff Robertson, 1923-2011:  Award Winning Actor, Writer, Producer and Director",12-1-29
https://www.51voa.com/VOA_Special_English/Pocahontas---An-Important-Player-in-Early-Jamestown-44461.html,"Pocahontas, 1595-1617: An Important Player in Early Jamestown",12-1-22
https://www.51voa.com/VOA_Special_English/Henry-Ford---automobile-industry-44409.html,"Henry Ford, 1863-1947: Life After the Model T",12-1-15
https://www.51voa.com/VOA_Special_English/Henry-Ford-Created-the-Ford-Motor-Company-44317.html,"Henry Ford, 1863-1947: He Created the Ford Motor Company and Revolutionized the Automobile Industry ",12-1-8
https://www.51voa.com/VOA_Special_English/Phillis-Wheatley-First-African-American-Poet-44145.html,"Phillis Wheatley, 1753-1784: Early African-American Poet",11-12-18
https://www.51voa.com/VOA_Special_English/Ralph-Waldo-Emerson---A-Great-Writer-and-Philosopher-of-the-Twentieth-Century44073.html,"Ralph Waldo Emerson, 1803-1882: A Great Twentieth Century Writer and Philosopher",11-12-11
https://www.51voa.com/VOA_Special_English/Burl-Ives-The-Famous-American-Actor-and-Singer-44001.html,"Burl Ives, 1909-1995; The Famous American Actor and Singer Recorded Hundreds of Songs",11-12-4
https://www.51voa.com/VOA_Special_English/Georgia-OKeeffe---Her-Paintings-43934.html,"Georgia O'Keeffe, 1887-1986: Her Paintings Showed Her Love for the American Southwest",11-11-27
https://www.51voa.com/VOA_Special_English/Sam-Houston---A-th-Century-Statesman-Politician-and-Soldier-43831.html,"Sam Houston, 1793-1863: A 19th Century American Statesman, Politician, and Soldier",11-11-20
https://www.51voa.com/VOA_Special_English/Sam-Houston43756.html,"Sam Houston, 1793-1863: One of the Most Famous Leaders of Texas",11-11-13
https://www.51voa.com/VOA_Special_English/Winslow-Homer---Americas-Painter--43681.html,"Winslow Homer, 1836-1910: America's Painter ",11-11-6
https://www.51voa.com/VOA_Special_English/Betty-Friedan---A-Leader-of-the-Modern-Womens-Rights-Movement-43610.html,"Betty Friedan, 1921-2006: A Leader of the Modern Women's Rights Movement",11-10-30
https://www.51voa.com/VOA_Special_English/Edward-Kennedy---The-Liberal-Lion-of-the-Senate-43528.html,"Edward Kennedy, 1932-2009: The 'Liberal Lion' of the Senate",11-10-23
https://www.51voa.com/VOA_Special_English/Lena-Horne---A-Star-Who-Broke-Racial-Barriers-43452.html,"Lena Horne, 1917-2010: A Star Who Broke Racial Barriers",11-10-16
https://www.51voa.com/VOA_Special_English/Dr-Spock---The-Worlds-Most-Famous-Baby-Doctor-43375.html,"Dr. Spock, 1903-1998: The World's Most Famous Baby Doctor",11-10-9
https://www.51voa.com/VOA_Special_English/Kay-Yow---and-Betty-Jameson---They-Changed-the-World-of-Sports-for-Women-43307.html,"Kay Yow, 1942-2009 and Betty Jameson, 1919-2009: They Changed the World of Sports for Women",11-10-2
https://www.51voa.com/VOA_Special_English/Michael-Jackson--43234.html,"Michael Jackson, 1958-2009: He Amazed the World with His Music and Dancing",11-9-25
https://www.51voa.com/VOA_Special_English/Louisa-May-Alcott---The-Woman-Behind-Little-Women-43151.html,"Louisa May Alcott, 1832-1888: The Woman Behind 'Little Women'",11-9-18
https://www.51voa.com/VOA_Special_English/Walter-Cronkite---A-Trusted-TV-Newsman-43068.html,"Walter Cronkite, 1916-2009: A Trusted TV Newsman",11-9-11
https://www.51voa.com/VOA_Special_English/Katharine-Hepburn---An-Independent-and-Intelligent-Actress--42992.html,"Katharine Hepburn, 1907-2003: An Independent and Intelligent Actress ",11-9-4
https://www.51voa.com/VOA_Special_English/Jesse-Owens----He-Was-Once-the-Fastest-Runner-in-the-World-42907.html,"Jesse Owens, 1913- 1980: He Was Once the Fastest Runner in the World",11-8-28
https://www.51voa.com/VOA_Special_English/Eunice-Kennedy-Shriver---She-Changed-the-World-for-People-with-Mental-Disabilities-42792.html,"Eunice Kennedy Shriver, 1921-2009: She Changed the World for People with Mental Disabilities",11-8-21
https://www.51voa.com/VOA_Special_English/Aaron-Copland---He-Taught-Americans-About-Themselves-Through-His-Music-42721.html,"Aaron Copland, 1900-1990: He Taught Americans About Themselves Through Music",11-8-14
https://www.51voa.com/VOA_Special_English/Helen-Keller---She-Became-the-Most-Famous-Disabled-Person-in-the-World-42642.html,"Helen Keller, 1880-1968: She Became the Most Famous Disabled Person in the World",11-8-7
https://www.51voa.com/VOA_Special_English/Helen-Keller---Out-of-a-World-of-Darkness-and-Silence-She-Brought-Hope-to-Millions-of-People-42584.html,"Helen Keller, 1880-1968: Out of a World of Darkness and Silence, She Brought Hope to Millions of People",11-7-31
https://www.51voa.com/VOA_Special_English/Louis-Kahn---He-Helped-Define-Modern-Architecture-42521.html,"Louis Kahn, 1901-1974: He Helped Define Modern Architecture",11-7-24
https://www.51voa.com/VOA_Special_English/Billie-Holiday---The-Lady-Sang-the-Blues-42446.html,"Billie Holiday, 1915-1959: The Lady Sang the Blues",11-7-17
https://www.51voa.com/VOA_Special_English/Henry-Loomis---Director-of-VOA-Had-the-Idea-to-Create-Special-English-42376.html,"Henry Loomis, 1919-2008: Director of VOA Had the Idea to Create Special English",11-7-10
https://www.51voa.com/VOA_Special_English/Margaret-Mead---One-of-the-Most-Famous-Anthropologists-in-the-World-42299.html,"Margaret Mead, 1901-1978: One of the Most Famous Anthropologists in the World",11-7-3
https://www.51voa.com/VOA_Special_English/Ernest-Hemingway---One-of-the-Most-Famous-Writers-of-the-th-Century-42225.html,"Ernest Hemingway, 1899-1961: One of the Most Famous Writers of the 20th Century",11-6-26
https://www.51voa.com/VOA_Special_English/Ernest-Hemingway---He-Was-Able-to-Paint-in-Words-What-He-Saw-and-Felt---42153.html,"Ernest Hemingway, 1899-1961: He Was Able to Paint in Words What He Saw and Felt  ",11-6-19
https://www.51voa.com/VOA_Special_English/Bessie-Coleman---She-Dared-to-Dream-and-Became-the-First-African-American-Female-Pilot--42089.html,"Bessie Coleman, 1892-1926: She Dared to Dream and Became the First African American Female Pilot ",11-6-12
https://www.51voa.com/VOA_Special_English/Gene-Kelly---His-Movies-Made-Dance-Popular-in-America-42014.html,"Gene Kelly, 1912-1996: His Movies Made Dance Popular in America",11-6-5
https://www.51voa.com/VOA_Special_English/Laura-Ingalls-Wilder---She-Wrote-Nine-Little-House-Books-About-Pioneer-Life-41955.html,"Laura Ingalls Wilder, 1867-1957: She Wrote Nine “Little House” Books About Pioneer Life",11-5-29
https://www.51voa.com/VOA_Special_English/People_in_America_41896.html,People in America,11-5-22
https://www.51voa.com/VOA_Special_English/Alan-Shepard---The-First-American-to-Fly-in-Space-41820.html,"Alan Shepard, 1923-1998: The First American to Fly in Space",11-5-15
https://www.51voa.com/VOA_Special_English/Celia-Cruz---The-Queen-of-Salsa-41738.html,"Celia Cruz, 1925-2003: “The Queen of Salsa”",11-5-8
https://www.51voa.com/VOA_Special_English/John-Kenneth-Galbraith---He-Influenced-American-Economic-Thought-for-Many-Years-41655.html,"John Kenneth Galbraith, 1908-2006: He Influenced Economic Thought for Many Years",11-5-1
https://www.51voa.com/VOA_Special_English/Ann-Landers---She-Helped-Millions-of-People-Deal-With-Their-Problems-41584.html,"Ann Landers, 1918-2002: She Helped Millions of People Deal With Their Problems",11-4-24
https://www.51voa.com/VOA_Special_English/Robert-Frost---Most-Americans-Can-Quote-His-Poems-41499.html,"Robert Frost, 1874-1963: Most Americans Can Quote His Poems",11-4-17
https://www.51voa.com/VOA_Special_English/Robert-Frost---Celebrating-National-Poetry-Month-with-One-of-Americas-Most-Famous-Poets-41419.html,"Robert Frost, 1874-1963: Celebrating National Poetry Month with One of America’s Most Famous Poets",11-4-10
https://www.51voa.com/VOA_Special_English/Elizabeth-Taylor-41343.html,"Elizabeth Taylor, 1932-2011: She Was Considered One of the Most Beautiful Women of Her Time",11-4-3
https://www.51voa.com/VOA_Special_English/Babe-Ruth--Americas-Greatest-Baseball-Player--41254.html,"Babe Ruth,1895-1948: America’s Greatest Baseball Player ",11-3-27
https://www.51voa.com/VOA_Special_English/Shirley-Chisholm---The-First-Black-Woman-Elected-to-the-US-Congress--41164.html,"Shirley Chisholm, 1924-2005: The First Black Woman Elected to the U.S. Congress ",11-3-20
https://www.51voa.com/VOA_Special_English/Edward-Hopper---One-of-the-Best-American-Artists-of-the-Twentieth-Century-41085.html,"Edward Hopper, 1882-1967: One of the Best American Artists of the Twentieth Century",11-3-13
https://www.51voa.com/VOA_Special_English/The-Carter-Family-First-Family-of-Country-Music--40984.html,The Carter Family: First Family of Country Music ,11-3-6
https://www.51voa.com/VOA_Special_English/Patricia-Neal---Actress-Had-Great-Success-and-Personal-Tragedy-40910.html,Patricia Neal 1926-2010: Actress Had Great Success and Personal Tragedy,11-2-27
https://www.51voa.com/VOA_Special_English/Sam-Cooke---A-Singer-Who-Crossed-Racial-Lines-40846.html,"Sam Cooke, 1931-1964: A Singer Who Crossed Racial Lines",11-2-20
https://www.51voa.com/VOA_Special_English/Harriet-Tubman---She-Fought-Slavery-and-Oppression-40765.html,"Harriet Tubman, 1820-1913: She Fought Slavery and Oppression",11-2-13
https://www.51voa.com/VOA_Special_English/Ronald-Reagan---Remembering-One-of-Americas-Most-Popular-Presidents-on-the-th-Anniversary-of-His-Birth-40697.html,"Ronald Reagan, 1911-2004: Remembering One of America's Most Popular Presidents on the 100th Anniversary of His Birth",11-2-6
https://www.51voa.com/VOA_Special_English/James-Rouse---He-Built-Columbia-Maryland-A-Planned-City-Near-Washington-DC-40616.html,"James Rouse, 1914-1996: He Built Columbia, Maryland, A Planned City Near Washington, D.C.",11-1-30
https://www.51voa.com/VOA_Special_English/Dian-Fossey---She-Worked-to-Protect-the-Mountain-Gorillas-of-Central-Africa-40545.html,"Dian Fossey, 1932-1985: She Worked to Protect the Mountain Gorillas of Central Africa",11-1-23
https://www.51voa.com/VOA_Special_English/Patsy-Cline---Fans-Were-Crazy-About-This-Young-Country-Music-Star-40469.html,"Patsy Cline, 1932-1963: Fans Were 'Crazy' About This Young Country Music Star",11-1-16
https://www.51voa.com/VOA_Special_English/People_in_America_40396.html,"PEOPLE IN AMERICA - Bob Feller, 1918-2010: One of Baseball's Finest Pitchers",11-1-9
https://www.51voa.com/VOA_Special_English/Remember-Six-People-Who-Died-in--40334.html,Remembering Six People Lost in 2010,11-1-2
https://www.51voa.com/VOA_Special_English/Flannery-OConnor---She-Told-Stories-About-People-Living-in-the-American-South-40241.html,"Flannery O’Connor, 1925-1964: She Told Stories About People Living in the American South",10-12-26
https://www.51voa.com/VOA_Special_English/Harry-Houdini---The-Great-Escape-Artist-40160.html,"Harry Houdini, 1874-1926: The Great Escape Artist",10-12-19
https://www.51voa.com/VOA_Special_English/Maria-Callas--A-Beautiful-Voice-and-Intense-Personality-40072.html,"Maria Callas,1923-1977: A Beautiful Voice and Intense Personality",10-12-12
https://www.51voa.com/VOA_Special_English/Milton-Hershey---He-Created-a-Successful-Business-and-Built-a-Sweet-Town-39998.html,"Milton Hershey, 1857-1945: He Created a Successful Business and Built a Sweet Town",10-12-5
https://www.51voa.com/VOA_Special_English/F-Scott-Fitzgerald----What-The-Great-Gatsby-Means-to-American-Literature-39893.html,F. Scott Fitzgerald (1896-1940):  What 'The Great Gatsby' Means to American Literature,1896-1940
https://www.51voa.com/VOA_Special_English/F-Scott-Fitzgerald---He-Wrote-About-the-Roaring-Twenties-the-Greatest-Party-in-American-History-39818.html,"F. Scott Fitzgerald (1896-1940): He Wrote About the 'Roaring Twenties,' America's Wildest Party",1896-1940
https://www.51voa.com/VOA_Special_English/Pearl-S-Buck---Writer-was-Most-Famous-for-The-Good-Earth-39753.html,"Pearl S. Buck, 1892-1973: Writer was Most Famous for “The Good Earth”",10-11-14
https://www.51voa.com/VOA_Special_English/John-Coltrane---The-Famous-Saxophone-Player-Helped-Make-Modern-Jazz-Popular-Around-the-World--39664.html,"John Coltrane, 1926-1967: The Famous Saxophone Player Helped Make Modern Jazz Popular Around the World ",10-11-7
https://www.51voa.com/VOA_Special_English/Edgar-Allan-Poe---His-Poems-and-Stories-Are-Strange-and-Frightening-39578.html,"Edgar Allan Poe, 1809-1849: His Poems and Stories Are Strange and Frightening.",10-10-31
https://www.51voa.com/VOA_Special_English/Edith-Wharton---She-Wrote-About-the-Young-and-Innocent-in-a-Dishonest-World-39481.html,"Edith Wharton, 1862-1937: She Wrote About the Young and Innocent in a Dishonest World",10-10-24
https://www.51voa.com/VOA_Special_English/Soupy-Sales---He-Made-People-Laugh-for-More-Than--Years--39397.html,"Soupy Sales, 1926-2009: He Made People Laugh for More Than 40 Years ",10-10-17
https://www.51voa.com/VOA_Special_English/Nellie-Bly---Newspaper-Reporter-Investigated-Illegal-Activities-in-New-York-City--39311.html,"Nellie Bly, 1864-1922: Newspaper Reporter Investigated Illegal Activities in New York City ",10-10-10
https://www.51voa.com/VOA_Special_English/Roger-Miller---Country-and-Western-Singer-was-King-of-the-Road--39188.html,"Roger Miller, 1936-1992: 'King of the Road' in Country Music",10-10-3
https://www.51voa.com/VOA_Special_English/Lady-Bird-Johnson---Former-First-Lady-Was-an-Environmental-Activist-Who-Made-America-More-Beautiful-39080.html,Lady Bird Johnson 1912-2007: Former First Lady Was an Environmental Activist Who Made America More Beautiful,10-9-26
https://www.51voa.com/VOA_Special_English/Ralph-Ellison---His-Book-Invisible-Man-Won-Awards-and-is-Still-Discussed-Today--38981.html,"Ralph Ellison, 1914-1994: His Book, “Invisible Man,” Won Awards and is Still Discussed Today ",10-9-19
https://www.51voa.com/VOA_Special_English/Elizabeth-Blackwell---The-First-Western-Woman-in-Modern-Times-to-Become-a-Doctor---38877.html,"Elizabeth Blackwell, 1821-1910: The First Western Woman in Modern Times to Become a Doctor  ",10-9-12
https://www.51voa.com/VOA_Special_English/Andy-Warhol---The-Father-of-Pop-Art-38784.html,"Andy Warhol, 1928-1987: The Father of Pop Art",10-9-5
https://www.51voa.com/VOA_Special_English/Isadora-Duncan---The-Mother-of-Modern-Dance-38695.html,"Isadora Duncan, 1877-1927: The Mother of Modern Dance",10-8-29
https://www.51voa.com/VOA_Special_English/Duke-Ellington-His-Life-Story-Part-Two-38608.html,"Duke Ellington: His Life Story, Part Two",10-8-22
https://www.51voa.com/VOA_Special_English/Duke-Ellington----His-Music-was-Famous-Around-the-World-38511.html,"Duke Ellington, 1899-1974: From a Young Painter to Musical Royalty",10-8-15
https://www.51voa.com/VOA_Special_English/Clare-Boothe-Luce---News-Reporter-Congress-Member-Ambassador-and-Playwright---38413.html,"Clare Boothe Luce, 1903-1987: News Reporter, Congress Member, Ambassador and Playwright.  ",10-8-8
https://www.51voa.com/VOA_Special_English/Jacob-Riis----He-Worked-to-Make-New-York-City-a-Better-Place-for-Poor-People-38328.html,"Jacob Riis, 1849-1914 : He Worked to Make New York City a Better Place for Poor People",10-8-1
https://www.51voa.com/VOA_Special_English/Winslow-Homer---Americas-Painter-38237.html,"Winslow Homer, 1836-1910: America's Greatest Painter of the 19th Century",10-7-25
https://www.51voa.com/VOA_Special_English/Emily-Dickinson-one-of-Americas-Greatest-Poets-38135.html,"Emily Dickinson, 1830-1886: The ",10-7-18
https://www.51voa.com/VOA_Special_English/Percival-Lowell---His-Work-Led-to-the-Discovery-of-Pluto-38049.html,"Percival Lowell, 1855-1916: His Work Led to the Discovery of Pluto",10-7-11
https://www.51voa.com/VOA_Special_English/Ella-Fitzgerald---Americas-First-Lady-of-Song-37953.html,"Ella Fitzgerald, 1917-1996: America's First Lady of Song",10-7-4
https://www.51voa.com/VOA_Special_English/Mary-Lyon---A-Leader-in-Womens-Education-in-the-th-Century-37872.html,"Mary Lyon, 1797-1849: A Leader in Women's Education in the 19th Century",10-6-27
https://www.51voa.com/VOA_Special_English/Woody-Guthrie---He-Wrote-One-of-Americas-Best-Loved-Songs-This-Land-is-Your-Land-37779.html,"Woody Guthrie,1912-1967:  He Wrote One of America’s Best Loved Songs: ‘This Land is Your Land’",10-6-20
https://www.51voa.com/VOA_Special_English/Woody-Guthrie--Singing-the-Songs-of-Dust-Bowl-Refugees-37681.html,"Woody Guthrie,1912-1967: Singing the Songs of ‘Dust Bowl Refugees’",10-6-13
https://www.51voa.com/VOA_Special_English/Ayn-Rand----Americans-Still-Debate-Her-Books-37590.html,"Ayn Rand, 1905-1982:  Americans Still Debate Her Books and Ideas",10-6-6
https://www.51voa.com/VOA_Special_English/R-Buckminster-Fuller---Building-Designer-Engineer-Inventor-Thinker-Poet-37478.html,"R. Buckminster Fuller, 1895-1983: Building Designer, Engineer, Inventor and Poet",10-5-30
https://www.51voa.com/VOA_Special_English/Lena-Horne---A-Star-Who-Broke-Racial-Barriers-37378.html,"Lena Horne, 1917-2010: A Star Who Broke Racial Barriers",10-5-23
https://www.51voa.com/VOA_Special_English/James-Brown---The-Godfather-of-Soul-37278.html,"James Brown, 1933-2006: The Godfather of Soul ",10-5-16
https://www.51voa.com/VOA_Special_English/Barbara-Jordan---A-Powerful-Voice-for-Justice-and-Social-Change-37169.html,"Barbara Jordan, 1936-1996: A Powerful Voice for Justice and Social Change",10-5-9
https://www.51voa.com/VOA_Special_English/People_in_America_37025.html,"Doctor Seuss, 1904-1991: People of all Ages Love his Books for Children ",10-5-2
https://www.51voa.com/VOA_Special_English/People_in_America_36925.html,"Ida Tarbell, 1857-1944: She Used Her Reporting Skills Against One of the Most Powerful Companies in the World  ",10-4-25
https://www.51voa.com/VOA_Special_English/People_in_America_36843.html,"Lucille Clifton, 1936-2010: The Award-Winning Poet was the First African American Poet Laureate of Maryland",10-4-18
https://www.51voa.com/VOA_Special_English/People_in_America_36764.html,"Roberto Clemente, 1934-1972: The first Latino Baseball Player Honored in the Baseball Hall of Fame ",10-4-11
https://www.51voa.com/VOA_Special_English/People_in_America_36675.html,"Elvis Presley, 1935-1977: The King of Rock and Roll",10-4-4
https://www.51voa.com/VOA_Special_English/People_in_America_36589.html,"Madam C.J. Walker, 1867-1919: Developed Hair-Care Products for Black Women",10-3-28
https://www.51voa.com/VOA_Special_English/People_in_America_36513.html,"Mark Twain, 1835-1910: One of America’s Best Known and Best Loved Writers",10-3-21
https://www.51voa.com/VOA_Special_English/People_in_America_36408.html,"Rachel Carson, 1907-1964: Environmentalist and Author",10-3-14
https://www.51voa.com/VOA_Special_English/People_in_America_36265.html,"Todd Duncan, 1903-1998: He Opened Doors for Other Black Classical Singers",10-3-7
https://www.51voa.com/VOA_Special_English/People_in_America_36172.html,"Billie Holiday, 1915-1959: The Lady Sang the Blues",10-2-28
https://www.51voa.com/VOA_Special_English/People_in_America_36077.html,"Jackson Pollock, 1912-1956: He Invented a New Kind of Painting",10-2-21
https://www.51voa.com/VOA_Special_English/People_in_America_35958.html,"Jane Jacobs, 1916-2006: Her Activism Helped Shape the Look and Feel of Cities",10-2-14
https://www.51voa.com/VOA_Special_English/People_in_America_35852.html,"Arthur Ashe, 1943-1993: Tennis Champion and Civil Rights Activist",10-2-7
https://www.51voa.com/VOA_Special_English/People_in_America_35726.html, Pioneers Who Shaped the Sounds of Radio  ,10-1-31
https://www.51voa.com/VOA_Special_English/People_in_America_35595.html,"Scott Joplin, 1867-1917: The King of Ragtime Music",10-1-24
https://www.51voa.com/VOA_Special_English/People_in_America_35469.html,"Margaret Mead, 1901-1978: A Public Face of Anthropology",10-1-17
https://www.51voa.com/VOA_Special_English/People_in_America_35320.html,"William Faulkner,1897-1962: He Won the Nobel Prize for Literature in 1949",10-1-10
https://www.51voa.com/VOA_Special_English/People_in_America_35210.html,"William Faulkner, 1897-1962: He was America’s Greatest Southern Writer",10-1-3
https://www.51voa.com/VOA_Special_English/People_in_America_35120.html,Remembering Six Interesting Americans,09-12-27
https://www.51voa.com/VOA_Special_English/People_in_America_35011.html,"Irving Berlin, 1888-1989: He Wrote the Songs that Made America Sing",09-12-20
https://www.51voa.com/VOA_Special_English/People_in_America_34905.html,"Louis Kahn, 1901-1974: He Helped Define Modern Architecture",09-12-13
https://www.51voa.com/VOA_Special_English/People_in_America_34808.html,"Marilyn Monroe, 1926-1962: America's Most Famous Sex Symbol",09-12-6
https://www.51voa.com/VOA_Special_English/People_in_America_34721.html,Arthur Miller: 1915-2005: One of the Greatest American Playwrights of the 20th Century,09-11-29
https://www.51voa.com/VOA_Special_English/People_in_America_34633.html,"Hank Williams,1923-1953: He Wrote Songs About Love and Heartbreak",09-11-22
https://www.51voa.com/VOA_Special_English/People_in_America_34563.html,"Helen Keller, 1880-1968: She Became the Most Famous Disabled Person in the World",09-11-15
https://www.51voa.com/VOA_Special_English/People_in_America_34456.html,"Helen Keller, 1880-1968: Out of a World of Darkness and Silence, She Brought Hope to Millions of People Around the World",09-11-8
https://www.51voa.com/VOA_Special_English/People_in_America_34346.html,"Carl Rowan, 1925-2000: The first black director of the United States Information Agency.",09-11-1
https://www.51voa.com/VOA_Special_English/People_in_America_34263.html,"Charles Schulz, 1922-2000: He wrote the popular comic strip “Peanuts” for 50 years.",09-10-25
https://www.51voa.com/VOA_Special_English/People_in_America_34142.html,"Betty Friedan,1921-2006: A Leader of the Modern Women’s Rights Movement",09-10-18
https://www.51voa.com/VOA_Special_English/People_in_America_34045.html,"Jack Benny, 1894-1974: He Won Hearts Mostly by Making Fun of Himself",09-10-11
https://www.51voa.com/VOA_Special_English/People_in_America_33946.html,"Nina Simone, 1933-2003: Singer Was Active in the Civil Rights Movement",09-10-4
https://www.51voa.com/VOA_Special_English/People_in_America_33822.html,"Les Paul, 1915-2009: His Electric Guitar and Inventions Changed 20th Century Popular Music ",09-9-27
https://www.51voa.com/VOA_Special_English/People_in_America_33720.html,"Katharine Hepburn, 1907-2003: An Independent and Intelligent Actress ",09-9-20
https://www.51voa.com/VOA_Special_English/People_in_America_33598.html,"Edward Kennedy, 1932-2009: The 'Liberal Lion' of the Senate",09-9-13
https://www.51voa.com/VOA_Special_English/People_in_America_33497.html,"Cesar Chavez, 1927- 1993: He Organized the First Successful Farm Workers Union in America",09-9-6
https://www.51voa.com/VOA_Special_English/People_in_America_33368.html,"Eugene McCarthy,1916-2005 : His Campaign for President in 1968 Forced a President From Office ",09-8-30
https://www.51voa.com/VOA_Special_English/People_in_America_33269.html,"Eunice Kennedy Shriver, 1921-2009: She Changed the World for People With Mental Disabilities",09-8-23
https://www.51voa.com/VOA_Special_English/People_in_America_33166.html,"Walter Cronkite, 1916-2009: A Trusted TV Newsman ",09-8-16
https://www.51voa.com/VOA_Special_English/People_in_America_33050.html,"Diane Arbus, 1923-1971: A Revolutionary Photographer of Unusual People ",09-8-9
https://www.51voa.com/VOA_Special_English/People_in_America_17270.html,Jesse Owens,09-8-8
https://www.51voa.com/VOA_Special_English/People_in_America_32941.html,"Leonard Bernstein,1918-1990: Composer, Conductor, Pianist and Teacher. ",09-8-2
https://www.51voa.com/VOA_Special_English/People_in_America_32823.html,"Clara Barton,1821-1912: A Life of Caring for Others",09-7-26
https://www.51voa.com/VOA_Special_English/People_in_America_32735.html,The Marx Brothers Made Americans Laugh During the Great Depression of the 1930s. ,09-7-19
https://www.51voa.com/VOA_Special_English/People_in_America_32628.html,"Mary Cassatt, 1844-1926: She Broke Social Barriers with her Art ",09-7-12
https://www.51voa.com/VOA_Special_English/People_in_America_32534.html,"Michael Jackson, 1958-2009: He Amazed the World With His Music and Dancing ",09-7-5
https://www.51voa.com/VOA_Special_English/People_in_America_32344.html,"Ann Morrow Lindbergh, 1906-2001: Pilot, Writer",09-6-28
https://www.51voa.com/VOA_Special_English/People_in_America_32223.html,"Aaron Copland, 1900-1990: He Taught Americans About Themselves Through His Music ",09-6-21
https://www.51voa.com/VOA_Special_English/People_in_America_30290.html,Oppenheimer and Fermi: Two Developers of the First Atomic Bomb,09-6-14
https://www.51voa.com/VOA_Special_English/People_in_America_30177.html,"Eartha Kitt, 1927-2008: Singer, Actress and “Catwoman”",09-6-7
https://www.51voa.com/VOA_Special_English/People_in_America_30087.html,Hooray for Hollywood ,09-5-31
https://www.51voa.com/VOA_Special_English/People_in_America_29999.html,"Douglas MacArthur, 1880-1964: A Most Successful and Unusual Military Leader",09-5-24
https://www.51voa.com/VOA_Special_English/People_in_America_29837.html,Margaret Bourke-White Helped Create Modern Photojournalism,09-5-17
https://www.51voa.com/VOA_Special_English/People_in_America_29731.html,Margaret Bourke-White: A Fearless News Photographer ,09-5-10
https://www.51voa.com/VOA_Special_English/People_in_America_29607.html,"Charlie Parker,1920-1955: His Music Influenced Jazz During his Lifetime and Even Today",09-5-3
https://www.51voa.com/VOA_Special_English/People_in_America_29476.html,"Katharine Graham, 1917- 2001: She Was the Powerful Owner and Publisher of The Washington Post",09-4-26
https://www.51voa.com/VOA_Special_English/People_in_America_29338.html,"Celia Cruz, 1925-2003: 'The Queen of Salsa'",09-4-19
https://www.51voa.com/VOA_Special_English/People_in_America_29223.html,"Walt Whitman, 1819-1892: He Created a New Kind of Poetry",09-4-12
https://www.51voa.com/VOA_Special_English/People_in_America_29108.html,"Jackie Robinson, 1919-1972: The First Black Player in Modern Major League Baseball",09-4-5
https://www.51voa.com/VOA_Special_English/People_in_America_28985.html,Kay Yow and Betty Jameson: They Changed the World of Sports for Women,09-3-29
https://www.51voa.com/VOA_Special_English/People_in_America_28832.html,"Red Adair, 1915-2004: He Put Out Dangerous Oil and Natural Gas Fires Around the World",09-3-22
https://www.51voa.com/VOA_Special_English/People_in_America_28700.html,"Doctor Spock, 1903-1998: The World’s Most Famous Baby Doctor",09-3-15
https://www.51voa.com/VOA_Special_English/People_in_America_28571.html,"Rosa Parks, 1913-2005: Mother of the American Civil Rights Movement",09-3-8
https://www.51voa.com/VOA_Special_English/People_in_America_28430.html,"John Lewis, 1920-2001: He Created One of the Most Famous Jazz Groups in America, the Modern Jazz Quartet",09-3-1
https://www.51voa.com/VOA_Special_English/People_in_America_28298.html,"Zora Neale Hurston, 1891-1960: A Storyteller About African-American Life in the South",09-2-22
https://www.51voa.com/VOA_Special_English/People_in_America_28165.html,"George Gershwin, 1898-1937: He Wrote More Than Five Hundred Songs",09-2-15
https://www.51voa.com/VOA_Special_English/People_in_America_28026.html,"George Gershwin, 1898-1937: One of America’s Greatest Composers",09-2-8
https://www.51voa.com/VOA_Special_English/People_in_America_27876.html,"Willis Conover, 1920-1996: He Brought Jazz, “The Music of Freedom,” to the World",09-2-1
https://www.51voa.com/VOA_Special_English/People_in_America_27733.html,"Marian Anderson, 1897-1993: 75,000 People Heard Her Sing at the Lincoln Memorial in Washington, D.C.",09-1-25
https://www.51voa.com/VOA_Special_English/People_in_America_27605.html,"Marian Anderson, 1897-1993: Her Voice Became Famous Around the World",09-1-18
https://www.51voa.com/VOA_Special_English/People_in_America_27456.html,"Isabella Stewart Gardner, 1840-1924: She Created Art Museum in Her Home",09-1-11
https://www.51voa.com/VOA_Special_English/People_in_America_27317.html,"Susan Sontag, 1933- 2004: One of America’s Most Influential Thinkers of the Twentieth Century",09-1-4
https://www.51voa.com/VOA_Special_English/People_in_America_27203.html,Remembering Five Interesting Americans,08-12-28
https://www.51voa.com/VOA_Special_English/People_in_America_27107.html,"Jesse Owens, 1913- 1980: He Was Once the Fastest Runner in the World",08-12-21
https://www.51voa.com/VOA_Special_English/People_in_America_26985.html,"Shirley Horn, 1934-2005: One of the Great Jazz Singers of the 1950s and 1960s",08-12-14
https://www.51voa.com/VOA_Special_English/People_in_America_26849.html,"Philo Farnsworth, 1906-1971: The Father of Television",08-12-7
https://www.51voa.com/VOA_Special_English/People_in_America_26692.html,"Henry Loomis, 1919-2008: Director of VOA Had the Idea to Create Special English",08-11-30
https://www.51voa.com/VOA_Special_English/People_in_America_26583.html,"Mae West, 1893-1980: The Wild Woman of Film and Stage",08-11-23
https://www.51voa.com/VOA_Special_English/People_in_America_26444.html,"Marlon Brando, 1924-2004: One of the Greatest Actors of All Time",08-11-16
https://www.51voa.com/VOA_Special_English/People_in_America_26266.html,"Ann Landers, 1918-2002: She Helped Millions of People Deal With Their Problems",08-11-9
https://www.51voa.com/VOA_Special_English/People_in_America_26126.html,"Paul Robeson, 1898-1976: He Traveled the World Singing Songs to Support Peace and Equal Rights for Black Americans",08-11-2
https://www.51voa.com/VOA_Special_English/People_in_America_25997.html,"Paul Robeson,1898-1976: Singer, Actor, and Civil Rights Activist",08-10-26
https://www.51voa.com/VOA_Special_English/People_in_America_25875.html,"Bessie Coleman, 1892-1926: She Dared to Dream and Became the First African American Female Pilot",08-10-19
https://www.51voa.com/VOA_Special_English/People_in_America_25758.html,"Paul Newman, 1925-2008: Actor, Activist and Racecar Driver",08-10-12
https://www.51voa.com/VOA_Special_English/People_in_America_25623.html,"Willa Cather, 1873-1947: She Celebrated Europeans Who Settled in the American Midwest",08-10-5
https://www.51voa.com/VOA_Special_English/People_in_America_25502.html,"Louis Armstrong, 1901-1971: ""The Ambassador of American Jazz""",08-9-28
https://www.51voa.com/VOA_Special_English/People_in_America_25364.html,"Eleanor Roosevelt, 1884-1962: She Was the Most Influential Wife of Any American President",08-9-21
https://www.51voa.com/VOA_Special_English/People_in_America_25202.html,"Franklin Roosevelt, 1882-1945: One of the Greatest Presidents in American History",08-9-14
https://www.51voa.com/VOA_Special_English/People_in_America_25101.html,"Jessica Tandy, 1909-1994: She Performed in More than 100 Plays and Movies",08-9-7
https://www.51voa.com/VOA_Special_English/People_in_America_25050.html,Five Labor Leaders Who Improved Conditions for American Workers,08-8-31
https://www.51voa.com/VOA_Special_English/People_in_America_24936.html,"Alan Shepard, 1923-1998: The First American to Travel into Space",08-8-24
https://www.51voa.com/VOA_Special_English/People_in_America_24814.html,"Bo Diddley, 1928-2008: Remembering One of the Fathers of Rock and Roll",08-8-17
https://www.51voa.com/VOA_Special_English/People_in_America_24698.html,"Dorothy West, 1907-1998: Among the Youngest of the Writers and Artists of New York's Harlem Renaissance",08-8-10
https://www.51voa.com/VOA_Special_English/People_in_America_24606.html,"Martha Graham, 1894-1991: The Mother of Modern Dance ",08-8-3
https://www.51voa.com/VOA_Special_English/People_in_America_24491.html,"Thurgood Marshall, 1908-1993: First African American to Serve on the US Supreme Court",08-7-27
https://www.51voa.com/VOA_Special_English/People_in_America_24372.html,"Sydney Pollack, 1934-2008: He Directed, Produced and Acted in Many Popular Hollywood Movies",08-7-20
https://www.51voa.com/VOA_Special_English/People_in_America_24265.html,"Janis Joplin, 1943-1970 : One of the Most Famous Voices in Rock Music",08-7-13
https://www.51voa.com/VOA_Special_English/People_in_America_24143.html,"Flannery O’Connor, 1925-1964: She Told Stories About People Living in Small Towns in the American South",08-7-6
https://www.51voa.com/VOA_Special_English/People_in_America_24010.html,"Ray Charles, 1930-2004: He Created a Sound That Had a Huge Influence on Popular Music",08-6-29
https://www.51voa.com/VOA_Special_English/People_in_America_23879.html,"Ray Charles, 1930-2004: Singer, Songwriter and Musician Performed Rock-and-Roll, Rhythm-and-Blues, Even Country-and-Western Music",08-6-22
https://www.51voa.com/VOA_Special_English/People_in_America_21936.html,"Susan B. Anthony, 1820 -1906: She Led the Fight to Gain Equal Rights for Women, Including the Right to Vote",08-6-15
https://www.51voa.com/VOA_Special_English/People_in_America_21810.html,"Robert Rauschenberg, 1925-2008: He Redefined Modern Art With His Inventive and Energetic Works",08-6-8
https://www.51voa.com/VOA_Special_English/People_in_America_21672.html,"Louisa May Alcott, 1832-1888: She Wrote Her First Book at the Age of 16",08-6-1
https://www.51voa.com/VOA_Special_English/People_in_America_21571.html,"Edward R. Murrow, 1908-1965: The Famous Radio and Television Reporter Helped Create Modern News Broadcasting",08-5-25
https://www.51voa.com/VOA_Special_English/People_in_America_21451.html,"Gwendolyn Brooks, 1917-2000: The Poet was the First African American to Win a Pulitzer Prize for Literature",08-5-18
https://www.51voa.com/VOA_Special_English/People_in_America_21336.html,"Isaac Stern, 1920 - 2001: One of the Most Honored Musicians in the World",08-5-11
https://www.51voa.com/VOA_Special_English/People_in_America_21226.html,"Barbara McClintock, 1902-1992: She Made Important Discoveries About Genes and Chromosomes",08-5-4
https://www.51voa.com/VOA_Special_English/People_in_America_21128.html,"Bella Abzug, 1920-1998: Activist for Women’s Rights was Known for her Large Hats and Strong Opinions",08-4-27
https://www.51voa.com/VOA_Special_English/People_in_America_20986.html,"Charlton Heston, 1923-2008: An Actor Famous for Playing Heroic Roles",08-4-20
https://www.51voa.com/VOA_Special_English/Words_And_Their_Stories_20859.html,"Langston Hughes, 1902-1967: The African-American Poet was a Leader of the Harlem Renaissance",08-4-13
https://www.51voa.com/VOA_Special_English/People_in_America_20737.html,"Langston Hughes, 1902-1967: The Poetic Voice of African Americans",08-4-6
https://www.51voa.com/VOA_Special_English/People_in_America_20624.html,"Lou Gehrig, 1903-1941: The Great Baseball Player Considered Himself 'The Luckiest Man on the Face of the Earth'",08-3-30
https://www.51voa.com/VOA_Special_English/People_in_America_20507.html,"Mary Kay Ash, 1918-2001: She Started a Skin Care Company That Has Sales of More Than Two Billion Dollars a Year",08-3-23
https://www.51voa.com/VOA_Special_English/People_in_America_20386.html,"Ernest Hemingway, 1899-1961: One of the Most Famous Writers of the 20th Century",08-3-16
https://www.51voa.com/VOA_Special_English/People_in_America_20269.html,"Ernest Hemingway, 1899-1961: He created a New Kind of Writing. He Was Able to Paint in Words What He Saw and Felt.",08-3-9
https://www.51voa.com/VOA_Special_English/People_in_America_20175.html,"Shirley Chisholm, 1924-2005: The First Black Woman Elected to the U.S. Congress ",08-3-2
https://www.51voa.com/VOA_Special_English/People_in_America_20056.html,"Annie Oakley, 1860-1926: One of the Most Famous Sharpshooters in American History",08-2-24
https://www.51voa.com/VOA_Special_English/People_in_America_19908.html,"Cole Porter, 1891-1964: He Wrote Songs for Broadway Musicals and Movies That Are Still Popular Today",08-2-17
https://www.51voa.com/VOA_Special_English/People_in_America_19754.html,"Cole Porter, 1891-1964: His Songs From the Nineteen Twenties, Thirties and Forties Remain as Fresh as When He Wrote Them",08-2-10
https://www.51voa.com/VOA_Special_English/people_in_america_19611.html,"Lucille Ball, 1911-1989: She Was the Funniest Woman on Television",08-2-3
https://www.51voa.com/VOA_Special_English/People_in_America_19597.html,"Martin Luther King, Jr., 1929-1968: The Civil Rights Leader Organized the March on Washington, DC in 1963",08-1-27
https://www.51voa.com/VOA_Special_English/People_in_America_19584.html,Martin Luther King: He Used Non-Violence and Civil Disobedience to Gain Equal Rights for Black Americans,08-1-20
https://www.51voa.com/VOA_Special_English/People_in_America_19570.html,"Julia Ward Howe, 1819-1910: The Anti-Slavery Activist Wrote One of the Great Civil War Songs",08-1-13
https://www.51voa.com/VOA_Special_English/People_in_America_19556.html,"Shel Silverstein, 1930-1999: Poet, Writer, Composer, Singer, Musician and Artist",08-1-6
https://www.51voa.com/VOA_Special_English/People_in_America_19543.html,Remembering Four Interesting People Who Died This Year,07-12-30
https://www.51voa.com/VOA_Special_English/People_in_America_19530.html,"Johnny Cash, 1932-2003: 'The Man in Black' Recorded More Than One Thousand Songs During His Life",07-12-23
https://www.51voa.com/VOA_Special_English/People_in_America_19516.html,"Kurt Vonnegut, 1922-2007: His Books Combined Science Fiction and Humor with Social Criticism",07-12-16
https://www.51voa.com/VOA_Special_English/People_in_America_19500.html,"Barbara Cooney, 1917-2000: She Created Many Popular Books for Children",07-12-9
https://www.51voa.com/VOA_Special_English/People_in_America_19486.html,"Margaret Sanger, 1883-1966: She Led the Fight for Birth Control for Women",07-12-2
https://www.51voa.com/VOA_Special_English/People_in_America_19473.html,"Ray Kroc, 1902-1984: The Man Who Made McDonald's Popular Around the World",07-11-25
https://www.51voa.com/VOA_Special_English/People_in_America_19459.html,"Dian Fossey, 1932-1985: She Worked to Protect the Mountain Gorillas of Central Africa",07-11-18
https://www.51voa.com/VOA_Special_English/People_in_America_19446.html,"James Stewart, 1908-1997: He Starred in Some of the Best-loved American Movies",07-11-11
https://www.51voa.com/VOA_Special_English/People_in_America_19432.html,"Maria Callas, 1923-1977: A Beautiful Voice and Intense Personality",07-11-4
https://www.51voa.com/VOA_Special_English/People_in_America_19416.html,"Walt Disney, 1901-1966: It All Started with a Mouse",07-10-28
https://www.51voa.com/VOA_Special_English/People_in_America_19404.html,"Wilma Rudolph, 1940-1994: 'The Fastest Woman in the World'",07-10-21
https://www.51voa.com/VOA_Special_English/People_in_America_19391.html,"Davy Crockett, 1786-1836: King of the Wild Frontier",07-10-14
https://www.51voa.com/VOA_Special_English/People_in_America_19376.html,"Patsy Cline, 1932-1963: Fans Were 'Crazy' About This Young Country Music Star",07-10-7
https://www.51voa.com/VOA_Special_English/People_in_America_19362.html,"Frederick Douglass, 1818-1895: He Fought for Freedom and Equality for African Americans",07-9-30
https://www.51voa.com/VOA_Special_English/People_in_America_19348.html,"Georgia O'Keefe, 1887-1986: Her Paintings Showed Her Love for the American Southwest",07-9-23
https://www.51voa.com/VOA_Special_English/People_in_America_19336.html,"The Wright Brothers, Wilbur 1867-1912 and Orville 1871-1948:  They Showed the World How to Fly",07-9-16
https://www.51voa.com/VOA_Special_English/People_in_America_19322.html,"Beverly Sills, 1929-2007: A Beautiful Voice for Opera and the Arts",07-9-9
https://www.51voa.com/VOA_Special_English/People_in_America_19309.html,"Samuel Gompers, 1850-1924: 'The Grand Old Man of Labor'",07-9-2
https://www.51voa.com/VOA_Special_English/People_in_America_19296.html,Nellie Bly: Newspaper Reporter Used Unusual Methods to Investigate and Write About Illegal Activities in NYC,07-8-26
https://www.51voa.com/VOA_Special_English/People_in_America_19283.html,"Edward Teller, 1908-2003: ""Father of the Hydrogen Bomb""",07-8-19
https://www.51voa.com/VOA_Special_English/People_in_America_19271.html,"Elvis Presley, 1935-1977: He Was The King of Rock and Roll",07-8-12
https://www.51voa.com/VOA_Special_English/People_in_America_19258.html,Lady Bird Johnson: The Former First Lady Was an Environmental Activist Who Made America More Beautiful,07-8-5
https://www.51voa.com/VOA_Special_English/People_in_America_19245.html,"Ronald Reagan, 1911-2004: One of America's Most Popular Presidents",07-7-29
https://www.51voa.com/VOA_Special_English/People_in_America_19230.html,"Elizabeth Blackwell, 1821-1910: Against Strong Opposition, She Became the First Western Woman in Modern Time",07-7-22
https://www.51voa.com/VOA_Special_English/People_in_America_19218.html,"Bob Hope, 1903-2003: He Entertained People for More Than 70 Years",07-7-15
https://www.51voa.com/VOA_Special_English/People_in_America_19204.html,"Clare Booth Luce, 1903-1987: News reporter, Magazine Editor, Member of Congress and Ambassador",07-7-8
https://www.51voa.com/VOA_Special_English/People_in_America_19191.html,"Fred Astaire, 1899-1987: His Acting, Singing and Dancing Changed the American Motion Picture Musical",07-7-1
https://www.51voa.com/VOA_Special_English/People_in_America_19179.html,"William Randolph Hearst, 1863-1951: He Created What Was Once the Nation's Largest Newspaper Organization",07-6-24
https://www.51voa.com/VOA_Special_English/People_in_America_19165.html,"Edith Wharton, 1862-1937: Wrote Novels of the Young and Innocent in a Dishonest World",07-6-17
https://www.51voa.com/VOA_Special_English/People_in_America_19152.html,"Sam Cooke, 1931-1964: The singer was one of the biggest stars in the music industry during the 1950s and 60s",07-6-10
https://www.51voa.com/VOA_Special_English/People_in_America_19139.html,"Mary Lyon, 1797-1849: A Leader in Women's Education in the Nineteenth Century",07-6-3
https://www.51voa.com/VOA_Special_English/People_in_America_19124.html,"Ella Fitzgerald, 1917-1996: She Was America's First Lady of Song",07-5-27
https://www.51voa.com/VOA_Special_English/People_in_America_19111.html,"Johnny Appleseed, 1774-1845: Many Stories and Poems Were Written About This American Hero",07-5-20
https://www.51voa.com/VOA_Special_English/People_in_America_19099.html,"Pocahontas, 1595-1617: She Played an Important Part in the History of Jamestown, Virginia 400 Years Ago",07-5-13
https://www.51voa.com/VOA_Special_English/People_in_America_19086.html,"Gene Kelly, 1912-1996: His Movies Made Dance Popular in America",07-5-6
https://www.51voa.com/VOA_Special_English/People_in_America_19073.html,"Frank Lloyd Wright, 1867-1959: The greatest American building designer of the twentieth century",07-4-29
https://www.51voa.com/VOA_Special_English/People_in_America_19061.html,"Barbara Jordan, 1936-1996: A Powerful Voice for Justice and Social Change",07-4-22
https://www.51voa.com/VOA_Special_English/People_in_America_19049.html,"John Coltrane, 1926-1967: The famous saxophone player helped make modern jazz popular around the world",07-4-15
https://www.51voa.com/VOA_Special_English/People_in_America_19037.html,"John Kenneth Galbraith, 1908-2006: He Strongly Influenced Economic Thought in the United States for Many Yea",07-4-8
https://www.51voa.com/VOA_Special_English/People_in_America_19023.html,"Emily Dickinson, 1830-1886: The 'Belle of Amherst' Became one of America's Greatest Poets",07-4-1
https://www.51voa.com/VOA_Special_English/People_in_America_19011.html,"Billie Holiday, 1915-1959: The Lady Sang the Blues",07-3-25
https://www.51voa.com/VOA_Special_English/People_in_America_18999.html,"Thomas Edison, 1847-1931: America's Great Inventor",07-3-18
https://www.51voa.com/VOA_Special_English/People_in_America_18988.html,"Ayn Rand, 1905-1982:  Americans Still Debate Her Books and Ideas",07-3-11
https://www.51voa.com/VOA_Special_English/People_in_America_18976.html,"Billy Wilder, 1906-2002: He Made Movies That People Will Never Forget",07-3-4
https://www.51voa.com/VOA_Special_English/People_in_America_18964.html,Ida Tarbell: She Used Her Reporting Skills Against One of the Most Powerful Companies in the World,07-2-25
https://www.51voa.com/VOA_Special_English/People_in_America_18951.html,"Jerome Kern, 1885-1945: The Father of American Musical Theater",07-2-18
https://www.51voa.com/VOA_Special_English/People_in_America_18938.html,"Rachel Carson, 1907-1964: Her Books Helped Launch the Environmental Protection Movement in the U.S.",07-2-11
https://www.51voa.com/VOA_Special_English/People_in_America_18925.html,"W.E.B. Du Bois, 1868-1963: He Fought for Civil Rights for Black People",07-2-4
https://www.51voa.com/VOA_Special_English/People_in_America_18912.html,"Madam C.J. Walker, 1867-1919: She Developed Hair-Care Products for Black Women",07-1-28
https://www.51voa.com/VOA_Special_English/People_in_America_18899.html,"James Brown, 1933-2006: The Godfather of Soul Influenced Many Kinds of Music During His 50-Year Career",07-1-21
https://www.51voa.com/VOA_Special_English/People_in_America_18887.html,"Buckminster Fuller, 1895-1983: Building Designer, Engineer, Inventor, Thinker, Poet",07-1-14
https://www.51voa.com/VOA_Special_English/People_in_America_18875.html,"Jane Jacobs, 1916-2006: Her Activism Helped Shape the Look and Feel of Cities",07-1-7
https://www.51voa.com/VOA_Special_English/People_in_America_18855.html,"Irving Berlin, 1888-1989: He Wrote Songs that Made America Sing",06-12-24
https://www.51voa.com/VOA_Special_English/People_in_America_18841.html,"Doctor Seuss, 1904-1991: People of all Ages Love his Books for Children",06-12-17
https://www.51voa.com/VOA_Special_English/People_in_America_18829.html,"Marilyn Monroe, 1926-1962: America's Most Famous Sex Symbol",06-12-10
https://www.51voa.com/VOA_Special_English/People_in_America_18816.html,Henry Ford Made the Automobile Industry an Important Part of the Nation's Economy,06-12-3
https://www.51voa.com/VOA_Special_English/People_in_America_18804.html,Henry Ford Created the Ford Motor Company and Revolutionized the Automobile Industry,06-11-26
https://www.51voa.com/VOA_Special_English/People_in_America_18792.html,"Stephen Foster, 1826-1864: America's First Popular Songwriter",06-11-19
https://www.51voa.com/VOA_Special_English/People_in_America_18780.html,"Crazy Horse Was Chief of the Lakota, a Warrior and a Holy Man",06-11-12
https://www.51voa.com/VOA_Special_English/People_in_America_18768.html,"Katharine Hepburn, 1907-2003: An Independent and Intelligent Actress",06-11-5
https://www.51voa.com/VOA_Special_English/People_in_America_18755.html,"Edward Weston, 1886-1958: He Helped Change the Way Americans Understood Photography ",06-10-29
https://www.51voa.com/VOA_Special_English/People_in_America_18741.html,Richard Rodgers Wrote Musical Plays That Often Dealt with Social Issues,06-10-22
https://www.51voa.com/VOA_Special_English/People_in_America_18728.html,"Helen Keller, 1880-1968: 'I Try to Make the Light in Others' Eyes My Sun'",06-10-15
https://www.51voa.com/VOA_Special_English/People_in_America_18716.html,"Out of a World of Darkness and Silence, Helen Keller Brought Hope to Millions",06-10-8
https://www.51voa.com/VOA_Special_English/People_in_America_18703.html,James Baldwin Wrote About Race and Identity in America,06-10-1
https://www.51voa.com/VOA_Special_English/People_in_America_18691.html,Edward Hopper's Simple Paintings Hold Special Meaning for Americans,06-9-24
https://www.51voa.com/VOA_Special_English/People_in_America_18678.html,Nina Simone Was a Singer and Activist in the Civil Rights Movement of the 1960s,06-9-17
https://www.51voa.com/VOA_Special_English/People_in_America_18665.html,"Milton Berle was ""Mister Television"" to the Millions of Americans Who Watched Him",06-9-10
https://www.51voa.com/VOA_Special_English/People_in_America_18652.html,Margaret Mead Influenced How Social Scientists Understood Native Cultures,06-9-3
https://www.51voa.com/VOA_Special_English/People_in_America_18639.html,Roberto Clemente: The first Latino Player Honored in the Baseball Hall of Fame,06-8-27
https://www.51voa.com/VOA_Special_English/People_in_America_18627.html,Washington Post Owner and Publisher Katharine Graham: A Powerful Media Leader in America,06-8-20
https://www.51voa.com/VOA_Special_English/People_in_America_18612.html,"'This Land Is Your Land': The Life, Music and Politics of Woody Guthrie",06-8-13
https://www.51voa.com/VOA_Special_English/People_in_America_18600.html,"Woody Guthrie: Singing the Songs of ""Dust Bowl Refugees""",06-8-6
https://www.51voa.com/VOA_Special_English/People_in_America_18586.html,Betty Friedan: How She Was a Leader in the Modern Women's Rights Movement in the U.S.,06-7-30
https://www.51voa.com/VOA_Special_English/People_in_America_18574.html,Jacob Riis: A Reporter and Writer Who Worked to Make New York City a Better Place for the Poor,06-7-23
https://www.51voa.com/VOA_Special_English/People_in_America_18561.html,'In Cold Blood': How Truman Capote Invented the Nonfiction Novel,06-7-16
https://www.51voa.com/VOA_Special_English/People_in_America_18547.html,Anne Morrow Lindbergh: Pilot and Writer of What Book Critics Considered 'Small Works of Art',06-7-9
https://www.51voa.com/VOA_Special_English/People_in_America_18534.html,Todd Duncan Broke Race Barriers with Music,06-7-2
https://www.51voa.com/VOA_Special_English/People_in_America_18521.html,"Clara Barton, Founder of the American Red Cross: A Life of Caring for Others",06-6-25
https://www.51voa.com/VOA_Special_English/People_in_America_18508.html,Milton Hershey Created a Successful Business and Built A Sweet Town,06-6-18
https://www.51voa.com/VOA_Special_English/People_in_America_18495.html,Celia Cruz: The Singer Was Known as the 'Queen of Salsa',06-6-11
https://www.51voa.com/VOA_Special_English/People_in_America_18481.html,"Ralph Ellison's 1952 Book, ""Invisible Man,"" Won Awards and is Still Discussed Today",06-6-4
https://www.51voa.com/VOA_Special_English/People_in_America_18467.html,Scott Joplin: The King of Ragtime Music,06-5-28
https://www.51voa.com/VOA_Special_English/People_in_America_18455.html,Photographer Margaret Bourke-White Helped Create the Modern Art of Photojournalism,06-5-21
https://www.51voa.com/VOA_Special_English/People_in_America_18442.html,Photographer Margaret Bourke-White was one of the leading news reporters of the twentieth century,06-5-14
https://www.51voa.com/VOA_Special_English/People_in_America_18429.html,Eugene McCarthy: His Campaign for President in 1968 Forced a President From Office,06-5-7
https://www.51voa.com/VOA_Special_English/People_in_America_18415.html,Country and Western Singer Hank Williams Wrote Songs About Love and Heartbreak,06-4-30
https://www.51voa.com/VOA_Special_English/People_in_America_18400.html,Mae West: The Wild Woman of Film and Stage,06-4-23
https://www.51voa.com/VOA_Special_English/People_in_America_18387.html,Andy Warhol:  The Father of Pop Art,06-4-16
https://www.51voa.com/VOA_Special_English/People_in_America_18373.html,Writer Zora Neale Hurston told About African-American  Life in the South,06-4-9
https://www.51voa.com/VOA_Special_English/People_in_America_18359.html,American Baseball Legend Babe Ruth,06-4-2
https://www.51voa.com/VOA_Special_English/People_in_America_18346.html,Duke Ellington: One of the Most Popular Musicians of the Twentieth Century,06-3-26
https://www.51voa.com/VOA_Special_English/People_in_America_18332.html,Duke Ellington and His Jazz Orchestra Were Famous Around the World,06-3-19
https://www.51voa.com/VOA_Special_English/People_in_America_18320.html,Susan Sontag: One of America's Most Influential 20th-Century Thinkers,06-3-12
https://www.51voa.com/VOA_Special_English/People_in_America_18307.html,Winslow Homer: America's Painter,06-3-5
https://www.51voa.com/VOA_Special_English/People_in_America_18294.html,"Radio Pioneers Pulled Words, Music and World Events Out of Thin Air",06-2-26
https://www.51voa.com/VOA_Special_English/People_in_America_18283.html,Mark Twain: One of America's Best Known and Best Loved Writers,06-2-19
https://www.51voa.com/VOA_Special_English/People_in_America_18270.html,Shirley Horn: One of the Great Jazz Singers of the 1950s and 1960s,06-2-12
https://www.51voa.com/VOA_Special_English/People_in_America_18257.html,Diane Arbus: Revolutionary Photographer of Unusual People,06-2-5
https://www.51voa.com/VOA_Special_English/People_in_America_18245.html,F. Scott Fitzgerald's 'Great Gatsby': A Great Event in U.S. Literature,06-1-29
https://www.51voa.com/VOA_Special_English/People_in_America_18232.html,"F. Scott Fitzgerald Wrote About the ""Roaring Twenties,"" the Greatest Party in American History",06-1-22
https://www.51voa.com/VOA_Special_English/People_in_America_18220.html,"Marian Anderson: 75 Thousand People Heard Her Sing at the Lincoln Memorial in Washington, D.C.",06-1-15
https://www.51voa.com/VOA_Special_English/People_in_America_18207.html,Marian Anderson: Her Voice Became Famous Around the World,06-1-8
https://www.51voa.com/VOA_Special_English/People_in_America_18172.html,We Profile Five Special People Who Died This Year,05-12-18
https://www.51voa.com/VOA_Special_English/People_in_America_18159.html,Percival Lowell's Work Led to the Discovery of the Planet Pluto ,05-12-11
https://www.51voa.com/VOA_Special_English/People_in_America_18146.html,Janis Joplin: One of the Most Famous Voices in American Rock Music,05-12-4
https://www.51voa.com/VOA_Special_English/People_in_America_18133.html,George Abbott Was Known as 'Mister Broadway',05-11-27
https://www.51voa.com/VOA_Special_English/People_in_America_18121.html,Rosa Parks: Mother of the American Civil Rights Movement,05-11-20
https://www.51voa.com/VOA_Special_English/People_in_America_18109.html,"James Rouse was a land developer who built shopping malls and a planned city near Washington, D.C.",05-11-13
https://www.51voa.com/VOA_Special_English/People_in_America_18097.html,Ann Landers Gave Advice to Newspaper Readers Across America,05-11-6
https://www.51voa.com/VOA_Special_English/People_in_America_18084.html,Halloween is a good time to celebrate the stories of Edgar Allan Poe,05-10-30
https://www.51voa.com/VOA_Special_English/People_in_America_18071.html,Bessie Coleman Was the First African-American Female Pilot,05-10-23
https://www.51voa.com/VOA_Special_English/People_in_America_18059.html,Jackson Pollock Invented a New Kind of Painting That Changed the Way People Looked at Art,05-10-16
https://www.51voa.com/VOA_Special_English/People_in_America_18047.html,Writer Willa Cather Celebrated Europeans Who Settled in the American Midwest,05-10-9
https://www.51voa.com/VOA_Special_English/People_in_America_18035.html,Country and Western Singer Roger Miller Had Many Hit Songs,05-10-2
https://www.51voa.com/VOA_Special_English/People_in_America_18023.html,"Willis Conover Brought Jazz, the Music of Freedom to the World",05-9-25
https://www.51voa.com/VOA_Special_English/People_in_America_18011.html,Arthur Ashe: Tennis Champion and Civil Rights Activist,05-9-18
https://www.51voa.com/VOA_Special_English/People_in_America_17999.html,Writer Dorothy West: Last Living Member of the Harlem Renaissance,05-9-11
https://www.51voa.com/VOA_Special_English/People_in_America_17988.html,Cesar Chavez Organized the First Successful Farm Workers Union in America,05-9-4
https://www.51voa.com/VOA_Special_English/People_in_America_17976.html,"Activist for Women's Rights Was Known for Her Strong Opinions, and Large Hats",05-8-28
https://www.51voa.com/VOA_Special_English/People_in_America_17964.html,Louis Khan Helped Define Modern Architecture,05-8-21
https://www.51voa.com/VOA_Special_English/People_in_America_17952.html,From London to Broadway to Hollywood: Jessica Tandy,05-8-14
https://www.51voa.com/VOA_Special_English/People_in_America_17938.html,"Leonard Bernstein: Composer, Conductor, Pianist and Teacher",05-8-7
https://www.51voa.com/VOA_Special_English/People_in_America_17924.html,Susan B. Anthony: She Fought for U.S. Women's Right to Vote,05-7-31
https://www.51voa.com/VOA_Special_English/People_in_America_17911.html,Douglas MacArthur: Born to Be a Soldier,05-7-24
https://www.51voa.com/VOA_Special_English/People_in_America_17899.html,Charles Schulz wrote the popular comic strip “Peanuts” for fifty years,05-7-17
https://www.51voa.com/VOA_Special_English/People_in_America_17887.html,Great Writers: Flannery O'Connor Told of Small-Town Life in the South,05-7-10
https://www.51voa.com/VOA_Special_English/People_in_America_17875.html,Music History: Charlie Parker Took Jazz in a New Direction,05-7-3
https://www.51voa.com/VOA_Special_English/People_in_America_17863.html,Eleanor Roosevelt Was the Most Influential Wife of Any American President,05-6-26
https://www.51voa.com/VOA_Special_English/People_in_America_17850.html,"'Happy Days Are Here Again': FDR, One of America's Greatest Presidents",05-6-19
https://www.51voa.com/VOA_Special_English/People_in_America_17837.html,George Gershwin: More of the Life and Music of One of America's Great Songwriters,05-6-12
https://www.51voa.com/VOA_Special_English/People_in_America_17822.html,George Gershwin: Rhapsody in Blue,05-6-5
https://www.51voa.com/VOA_Special_English/People_in_America_17808.html,Barbara McClintock,05-5-29
https://www.51voa.com/VOA_Special_English/People_in_America_17796.html,Jack Benny,05-5-22
https://www.51voa.com/VOA_Special_English/People_in_America_17783.html,Carl Rowan: One of the Most Honored Reporters in the United States,05-5-15
https://www.51voa.com/VOA_Special_English/People_in_America_17771.html,Louisa May Alcott,05-5-8
https://www.51voa.com/VOA_Special_English/People_in_America_17760.html,Aaron Copland: His Music Taught Americans About Themselves,05-5-1
https://www.51voa.com/VOA_Special_English/People_in_America_17748.html,Mary Kay: One of America's Most Influential Women,05-4-24
https://www.51voa.com/VOA_Special_English/People_in_America_17725.html,Langston Hughes: an American Writer,05-4-10
https://www.51voa.com/VOA_Special_English/People_in_America_17712.html,"Life Story of Jackie Robinson, the First Black Player in Major League Baseball",05-4-3
https://www.51voa.com/VOA_Special_English/People_in_America_17700.html,Lucille Ball,05-3-27
https://www.51voa.com/VOA_Special_English/People_in_America_17688.html,Gwendolyn Brooks,05-3-20
https://www.51voa.com/VOA_Special_English/People_in_America_17677.html,Elvis Presley,05-3-13
https://www.51voa.com/VOA_Special_English/People_in_America_17665.html,Arthur Miller,05-3-6
https://www.51voa.com/VOA_Special_English/People_in_America_17653.html,Julia Ward Howe,05-2-27
https://www.51voa.com/VOA_Special_English/People_in_America_17641.html,Shirley Chisholm,05-2-20
https://www.51voa.com/VOA_Special_English/People_in_America_17629.html,Frank and Jesse James,05-2-13
https://www.51voa.com/VOA_Special_English/People_in_America_17617.html,Artie Shaw,05-2-6
https://www.51voa.com/VOA_Special_English/People_in_America_17605.html,Barbara Cooney,05-1-30
https://www.51voa.com/VOA_Special_English/People_in_America_17591.html,"Reverend Martin Luther King, Junior, Pt. 2",05-1-23
https://www.51voa.com/VOA_Special_English/People_in_America_17579.html,"Reverend Martin Luther King Junior, Pt. One",05-1-16
https://www.51voa.com/VOA_Special_English/people_in_america_16882.html,"Paul Robeson, Pt. 2",05-1-11
https://www.51voa.com/VOA_Special_English/People_in_America_17567.html,The Marx Brothers,05-1-9
https://www.51voa.com/VOA_Special_English/People_in_America_17554.html,Nat King Cole,05-1-2
https://www.51voa.com/VOA_Special_English/People_in_America_17541.html,Remembering Five Special People,04-12-26
https://www.51voa.com/VOA_Special_English/People_in_America_17529.html,Margaret Sanger,04-12-19
https://www.51voa.com/VOA_Special_English/People_in_America_17514.html,"William Faulkner, Part 2",04-12-12
https://www.51voa.com/VOA_Special_English/People_in_America_17501.html,"William Faulkner, Part One",04-12-5
https://www.51voa.com/VOA_Special_English/People_in_America_17487.html,Patsy Cline,04-11-28
https://www.51voa.com/VOA_Special_English/People_in_America_17473.html,Movie Pioneers,04-11-21
https://www.51voa.com/VOA_Special_English/People_in_America_17459.html,Oppenheimer and Fermi,04-11-14
https://www.51voa.com/VOA_Special_English/People_in_America_17445.html,Dian Fossey,04-11-7
https://www.51voa.com/VOA_Special_English/People_in_America_17433.html,Red Adair,04-10-31
https://www.51voa.com/VOA_Special_English/People_in_America_17420.html,Marlon Brando,04-10-24
https://www.51voa.com/VOA_Special_English/People_in_America_17407.html,John Lewis of the Modern Jazz Quartet,04-10-17
https://www.51voa.com/VOA_Special_English/People_in_America_17394.html,Elizabeth Blackwell,04-10-10
https://www.51voa.com/VOA_Special_English/People_in_America_17379.html,Doctor Spock,04-10-3
https://www.51voa.com/VOA_Special_English/People_in_America_17366.html,Ralph Waldo Emerson,04-9-26
https://www.51voa.com/VOA_Special_English/People_in_America_17351.html,Rain-in-the-Face,04-9-19
https://www.51voa.com/VOA_Special_English/People_in_America_17337.html,Georgia O'Keeffe,04-9-12
https://www.51voa.com/VOA_Special_English/People_in_America_17323.html,Five Labor Leaders,04-9-5
https://www.51voa.com/VOA_Special_English/People_in_America_17310.html,Clare Boothe Luce,04-8-29
https://www.51voa.com/VOA_Special_English/People_in_America_17296.html,Cole Porter Pt. 2,04-8-22
https://www.51voa.com/VOA_Special_English/People_in_America_17282.html,"Cole Porter, Pt. 1",04-8-15
https://www.51voa.com/VOA_Special_English/People_in_America_17256.html,Isaac Stern,04-8-1
https://www.51voa.com/VOA_Special_English/People_in_America_17242.html,Barbara Jordan,04-7-25
https://www.51voa.com/VOA_Special_English/People_in_America_17230.html,"Ray Charles, Pt. 2",04-7-18
https://www.51voa.com/VOA_Special_English/People_in_America_17218.html,"Ray Charles, Part 1",04-7-11
https://www.51voa.com/VOA_Special_English/People_in_America_17206.html,Edward R. Murrow,04-7-4
https://www.51voa.com/VOA_Special_English/People_in_America_17194.html,Casey Jones,04-6-27
https://www.51voa.com/VOA_Special_English/People_in_America_17182.html,Nellie Bly,04-6-20
https://www.51voa.com/VOA_Special_English/People_in_America_17170.html,Ronald Reagan,04-6-13
https://www.51voa.com/VOA_Special_English/People_in_America_17158.html,Philo Farnsworth,04-6-6
https://www.51voa.com/VOA_Special_English/People_in_America_17146.html,Pocahontas,04-5-30
https://www.51voa.com/VOA_Special_English/People_in_America_17134.html,Gunther Gebel-Williams,04-5-23
https://www.51voa.com/VOA_Special_English/People_in_America_17122.html,Thurgood Marshall,04-5-16
https://www.51voa.com/VOA_Special_English/People_in_America_17110.html,Maria Callas,04-5-9
https://www.51voa.com/VOA_Special_English/People_in_America_17098.html,Buffalo Bill Cody,04-5-2
https://www.51voa.com/VOA_Special_English/People_in_America_17087.html,Edith Wharton,04-4-25
https://www.51voa.com/VOA_Special_English/People_in_America_17072.html,Alan Shepard,04-4-18
https://www.51voa.com/VOA_Special_English/People_in_America_17058.html,Louis Armstrong,04-4-11
https://www.51voa.com/VOA_Special_English/People_in_America_17045.html,Walt Whitman,04-4-4
https://www.51voa.com/VOA_Special_English/People_in_America_17030.html,Lou Gehrig,04-3-28
https://www.51voa.com/VOA_Special_English/People_in_America_17016.html,Cochise,04-3-21
https://www.51voa.com/VOA_Special_English/People_in_America_17003.html,Ray Kroc,04-3-14
https://www.51voa.com/VOA_Special_English/People_in_America_16988.html,Ella Fitzgerald,04-3-7
https://www.51voa.com/VOA_Special_English/People_in_America_16975.html,Walt Disney,04-2-29
https://www.51voa.com/VOA_Special_English/People_in_America_16962.html,Shel Silverstein,04-2-22
https://www.51voa.com/VOA_Special_English/People_in_America_16949.html,Harriet Tubman,04-2-15
https://www.51voa.com/VOA_Special_English/People_in_America_16935.html,"Robert Frost, Pt. Two",04-2-8
https://www.51voa.com/VOA_Special_English/People_in_America_16921.html,"Robert Frost, Pt. 1",04-2-1
https://www.51voa.com/VOA_Special_English/People_in_America_16907.html,Mary Lyon,04-1-25
https://www.51voa.com/VOA_Special_English/People_in_America_16867.html,Paul Robeson Pt. 1,04-1-4
